agent,label,family,seed,status,victory,bosses_defeated,turns,duration_seconds,mean_decision_ms,p95_decision_ms,decisions,defense_decisions,yield_actions,invalid_actions,reward
random,Random,Baseline,20260718,completed,False,1,12,0.0015842000138945,0.027041668848445,0.0446949998149648,12,6,0,0,-0.9
random,Random,Baseline,20260719,completed,False,2,18,0.0018650999991223,0.021938887786948,0.0252950048889033,18,9,0,0,-0.9
random,Random,Baseline,20260720,completed,False,4,18,0.0018098000145982,0.0234611135157239,0.0256750121479853,18,6,0,0,-0.7
random,Random,Baseline,20260721,completed,False,3,18,0.0022661999973934,0.0252722238656133,0.0312899879645556,18,6,0,0,-0.7
random,Random,Baseline,20260722,completed,False,3,22,0.0023339000181294,0.0231727251296185,0.0262399960774928,22,8,0,0,-0.7
random,Random,Baseline,20260723,completed,False,4,32,0.0033229000109713,0.0235062479987391,0.0278150080703198,32,12,0,0,-0.6
random,Random,Baseline,20260724,completed,False,4,23,0.0029563999851234,0.0265347796654247,0.0336499942932277,23,9,0,0,-0.6
random,Random,Baseline,20260725,completed,False,3,14,0.0014634999970439,0.0245999981416389,0.0327649846440181,14,3,0,0,-0.7
random,Random,Baseline,20260726,completed,False,1,20,0.0021390999900177,0.0273999976343475,0.0363250204827637,20,9,0,0,-0.9
random,Random,Baseline,20260727,completed,False,1,13,0.0013782999885734,0.0251076909570166,0.0384599959943443,13,7,0,0,-0.9
random,Random,Baseline,20260728,completed,False,4,19,0.0021469999919645,0.0250736851931402,0.0326900102663785,19,7,0,0,-0.7
random,Random,Baseline,20260729,completed,False,4,23,0.0027127999928779,0.025882607113327,0.0275900063570588,23,8,0,0,-0.6
random,Random,Baseline,20260730,completed,False,3,15,0.0018936999840661,0.0289199990220367,0.0413500034483149,15,5,0,0,-0.7
random,Random,Baseline,20260731,completed,False,1,13,0.0014624999894294,0.0240384587624038,0.026980007532984,13,7,0,0,-0.9
random,Random,Baseline,20260732,completed,False,3,19,0.0022197999933268,0.0287157875534735,0.041159993270412,19,7,0,0,-0.8
random,Random,Baseline,20260733,completed,False,1,14,0.0013290999922901,0.0216928560153714,0.0241500179981812,14,5,0,0,-0.9
random,Random,Baseline,20260734,completed,False,1,7,0.0007229000038933,0.0251428573392331,0.030960000003688,7,2,0,0,-0.9
random,Random,Baseline,20260735,completed,False,3,23,0.0021078999852761,0.0217913007161215,0.0230100034968927,23,9,0,0,-0.8
random,Random,Baseline,20260736,completed,False,4,23,0.0027995000127702,0.0269391305704155,0.0342899991665035,23,10,0,0,-0.6
random,Random,Baseline,20260737,completed,False,4,20,0.0019750000210478,0.0241749992710538,0.0336599943693727,20,8,0,0,-0.6
random,Random,Baseline,20260738,completed,False,3,17,0.0022956000175327,0.0306058774346157,0.0820799847133457,17,6,0,0,-0.7
random,Random,Baseline,20260739,completed,False,4,23,0.0025814000109676,0.0239608672690456,0.0268800009507685,23,10,0,0,-0.6
random,Random,Baseline,20260740,completed,False,3,22,0.0023163000005297,0.0232136345320296,0.0243849834077991,22,9,0,0,-0.7
random,Random,Baseline,20260741,completed,False,3,16,0.0017271999968215,0.025925000954885,0.0305249923258088,16,3,0,0,-0.7
random,Random,Baseline,20260742,completed,False,4,24,0.0025257000233978,0.0231208396144211,0.028025014034938,24,11,0,0,-0.7
random,Random,Baseline,20260743,completed,False,2,15,0.0016565999831072,0.0242733280174434,0.0276600098004564,15,5,0,0,-0.8
random,Random,Baseline,20260744,completed,False,2,10,0.0010211000044364,0.0216599990380927,0.0244449955062009,10,4,0,0,-0.9
random,Random,Baseline,20260745,completed,False,1,13,0.0012942999892402,0.0234000035561621,0.0289000163320451,13,5,0,0,-0.9
random,Random,Baseline,20260746,completed,False,3,24,0.002723200013861,0.0253500014271897,0.0344050044077448,24,10,0,0,-0.7
random,Random,Baseline,20260747,completed,False,2,16,0.0019865999929606,0.028093747459934,0.0451000014436431,16,8,0,0,-0.8
random,Random,Baseline,20260748,completed,False,4,34,0.0036782999814022,0.0231235282947583,0.0288800059934146,34,16,0,0,-0.6
random,Random,Baseline,20260749,completed,False,1,11,0.0011059000098612,0.023327281021259,0.0369500194210559,11,5,0,0,-0.9
random,Random,Baseline,20260750,completed,False,2,11,0.0009372000058647,0.0192909051706506,0.02219999441877,11,3,0,0,-0.8
random,Random,Baseline,20260751,completed,False,2,11,0.001260099990759,0.0290090869053859,0.048300003982149,11,4,0,0,-0.8
random,Random,Baseline,20260752,completed,False,4,21,0.001977000007173,0.0203619032011677,0.0209000136237591,21,8,0,0,-0.6
random,Random,Baseline,20260753,completed,False,1,10,0.0009544999920763,0.0202600029297173,0.0223200084292329,10,5,0,0,-0.9
random,Random,Baseline,20260754,completed,False,4,24,0.0021541000169236,0.019649999255004,0.020910013699904,24,10,0,0,-0.7
random,Random,Baseline,20260755,completed,False,2,19,0.0021293000027071,0.0320052633086513,0.0488699995912607,19,7,0,0,-0.8
random,Random,Baseline,20260756,completed,False,2,17,0.0014777999895159,0.0193117679480244,0.0211600097827613,17,7,0,0,-0.8
random,Random,Baseline,20260757,completed,False,2,22,0.0020803999796044,0.0217636340742253,0.0323149884934537,22,10,0,0,-0.8
random,Random,Baseline,20260758,completed,False,3,22,0.0019411999965086,0.0204999999947507,0.0233900034800171,22,9,0,0,-0.7
random,Random,Baseline,20260759,completed,False,3,19,0.0021840000117663,0.0259578932615879,0.0397599971620364,19,9,0,0,-0.8
random,Random,Baseline,20260760,completed,False,4,29,0.0027355999918654,0.0221862102425175,0.0277600076515227,29,12,0,0,-0.6
random,Random,Baseline,20260761,completed,False,4,24,0.0027778999938163,0.0250874957904064,0.0266099988948553,24,8,0,0,-0.6
random,Random,Baseline,20260762,completed,False,5,34,0.0037472000112757,0.023661765975275,0.0252700177952647,34,14,0,0,-0.5
random,Random,Baseline,20260763,completed,False,3,19,0.0022557000047527,0.0249263141181712,0.0319399812724441,19,7,0,0,-0.8
random,Random,Baseline,20260764,completed,False,4,20,0.00236969999969,0.0231750018429011,0.0270799951977096,20,6,0,0,-0.6
random,Random,Baseline,20260765,completed,False,3,23,0.0024020000128075,0.0232478221574717,0.0292999931843951,23,8,0,0,-0.7
random,Random,Baseline,20260766,completed,False,3,19,0.0018605999939609,0.0215631597185213,0.0280099804513156,19,6,0,0,-0.8
random,Random,Baseline,20260767,completed,False,1,10,0.0008233000116888,0.0199200032511726,0.0237100190133787,10,3,0,0,-0.9
random,Random,Baseline,20260768,completed,False,4,19,0.0020726000075228,0.0216105269684799,0.0282400083960965,19,6,0,0,-0.6
random,Random,Baseline,20260769,completed,False,3,17,0.001409299991792,0.0195411763236145,0.0222399947233498,17,4,0,0,-0.7
random,Random,Baseline,20260770,completed,False,2,19,0.0017973000067286,0.0206210518770508,0.0226799922529607,19,9,0,0,-0.8
random,Random,Baseline,20260771,completed,False,3,17,0.0015068000066094,0.0197058834601193,0.0220200163312256,17,6,0,0,-0.7
random,Random,Baseline,20260772,completed,False,2,16,0.0016041999915614,0.0211062470043543,0.0262250105151906,16,6,0,0,-0.9
random,Random,Baseline,20260773,completed,False,4,28,0.0023152999929152,0.0194642852875404,0.0225949974264949,28,11,0,0,-0.6
random,Random,Baseline,20260774,completed,False,4,25,0.0028805999900214,0.0247240019962191,0.027280009817332,25,10,0,0,-0.6
random,Random,Baseline,20260775,completed,False,5,33,0.0035999000247102,0.0260121226099065,0.0371599977370351,33,13,0,0,-0.5
random,Random,Baseline,20260776,completed,False,4,34,0.0032703999895602,0.0224911790984847,0.0250899960519745,34,14,0,0,-0.6
random,Random,Baseline,20260777,completed,False,2,18,0.0018334999913349,0.0236277782177138,0.0260650107520632,18,9,0,0,-0.8
random,Random,Baseline,20260778,completed,False,4,26,0.0029300000169314,0.0253461475949734,0.0274749836535193,26,11,0,0,-0.7
random,Random,Baseline,20260779,completed,False,3,20,0.0023093000054359,0.0238699969486333,0.0301699939882382,20,8,0,0,-0.7
random,Random,Baseline,20260780,completed,False,4,20,0.0021761000098194,0.0231499972869642,0.0311450043227523,20,6,0,0,-0.6
random,Random,Baseline,20260781,completed,False,3,24,0.0022451000113505,0.0213416654635996,0.0226249976549297,24,9,0,0,-0.7
random,Random,Baseline,20260782,completed,False,2,13,0.0017258000152651,0.0259230773036296,0.0342600047588348,13,4,0,0,-0.8
random,Random,Baseline,20260783,completed,False,3,20,0.0018440000130794,0.0230550009291619,0.0239799788687378,20,7,0,0,-0.7
random,Random,Baseline,20260784,completed,False,4,23,0.0030554999830201,0.0315478246193379,0.0445700192358344,23,10,0,0,-0.7
random,Random,Baseline,20260785,completed,False,3,21,0.0021707999985665,0.0233904727446358,0.028399983420968,21,7,0,0,-0.7
random,Random,Baseline,20260786,completed,False,4,21,0.0025833999970927,0.0255047634709626,0.0272000033874064,21,7,0,0,-0.6
random,Random,Baseline,20260787,completed,False,2,15,0.00158320000628,0.0242666632402688,0.0270099932095035,15,5,0,0,-0.8
random,Random,Baseline,20260788,completed,False,2,22,0.0021048999915365,0.022909090727229,0.0234900042414665,22,9,0,0,-0.8
random,Random,Baseline,20260789,completed,False,4,18,0.0023992999922484,0.0299388888783545,0.0417849892983212,18,6,0,0,-0.7
random,Random,Baseline,20260790,completed,False,2,19,0.0018295000190846,0.022910527676638,0.027560003218241,19,7,0,0,-0.8
random,Random,Baseline,20260791,completed,False,5,29,0.0031256999936886,0.0239379306580742,0.0303600099869072,29,9,0,0,-0.5
random,Random,Baseline,20260792,completed,False,4,33,0.0032937999931164,0.0233030304750145,0.0262199959252029,33,14,0,0,-0.6
random,Random,Baseline,20260793,completed,False,4,23,0.0027234000153839,0.0264695668390587,0.0328399939462542,23,8,0,0,-0.6
random,Random,Baseline,20260794,completed,False,3,19,0.0024591000110376,0.0258105267819605,0.0349500012816861,19,7,0,0,-0.8
random,Random,Baseline,20260795,completed,False,3,28,0.0027724999818019,0.0227428650500119,0.0269700118224136,28,12,0,0,-0.7
random,Random,Baseline,20260796,completed,False,4,27,0.0026226000045426,0.0224185199907946,0.0260699947830289,27,10,0,0,-0.6
random,Random,Baseline,20260797,completed,False,3,21,0.0022755000100005,0.0251952414622619,0.0315000070258975,21,9,0,0,-0.8
random,Random,Baseline,20260798,completed,False,2,15,0.0016886999947018,0.0248666678089648,0.0269600044703111,15,6,0,0,-0.8
random,Random,Baseline,20260799,completed,False,2,21,0.0023010000004433,0.0247333331831863,0.0300000247079879,21,8,0,0,-0.8
random,Random,Baseline,20260800,completed,False,4,23,0.0023422999947797,0.0227173934589423,0.0253200181759893,23,8,0,0,-0.7
random,Random,Baseline,20260801,completed,False,3,19,0.0020011999877169,0.0249631580357488,0.028600005316548,19,8,0,0,-0.7
random,Random,Baseline,20260802,completed,False,2,17,0.0021753999753855,0.0269470602849169,0.0457799935247749,17,8,0,0,-0.8
random,Random,Baseline,20260803,completed,False,3,21,0.0020089999889023,0.0228904758668726,0.0242000096477568,21,8,0,0,-0.7
random,Random,Baseline,20260804,completed,False,3,28,0.0031270000035874,0.025782140645398,0.0288299968815408,28,11,0,0,-0.7
random,Random,Baseline,20260805,completed,False,3,25,0.0026049000152852,0.0231799972243607,0.0260199944023042,25,12,0,0,-0.7
random,Random,Baseline,20260806,completed,False,2,18,0.0018997000006493,0.0233555571564162,0.0255900115007534,18,7,0,0,-0.8
random,Random,Baseline,20260807,completed,False,4,16,0.0014767000102438,0.0223249990085605,0.0279250016319565,16,5,0,0,-0.7
random,Random,Baseline,20260808,completed,False,2,15,0.0015648000116925,0.0229466667709251,0.0264900096226483,15,6,0,0,-0.8
random,Random,Baseline,20260809,completed,False,5,34,0.0036391000030562,0.0253205901518573,0.0312350050080567,34,11,0,0,-0.5
random,Random,Baseline,20260810,completed,False,2,18,0.0020824000239372,0.0260055530816316,0.036150004598312,18,8,0,0,-0.8
random,Random,Baseline,20260811,completed,False,3,14,0.001579000003403,0.0261571424614105,0.0363449944416061,14,3,0,0,-0.7
random,Random,Baseline,20260812,completed,False,5,24,0.0026788999966811,0.0230999964211757,0.0305599751300178,24,10,0,0,-0.5
random,Random,Baseline,20260813,completed,False,4,21,0.0021200999908614,0.0215761926180372,0.0261000241152942,21,8,0,0,-0.6
random,Random,Baseline,20260814,completed,False,3,15,0.0015520999731961,0.0230000024506201,0.0308900052914395,15,5,0,0,-0.8
random,Random,Baseline,20260815,completed,False,4,25,0.0025267000019084,0.0240160000976175,0.0266799994278699,25,10,0,0,-0.6
random,Random,Baseline,20260816,completed,False,3,19,0.0021225000091362,0.0252842054530782,0.0290999829303473,19,8,0,0,-0.8
random,Random,Baseline,20260817,completed,False,1,12,0.0010999999940395,0.0216500023573947,0.0249500022619031,12,5,0,0,-0.9
heuristic,Heuristic,Rule-based,20260718,completed,False,3,17,0.0020129999902565,0.0362235296051949,0.0497400062158703,17,7,0,0,-0.7
heuristic,Heuristic,Rule-based,20260719,completed,False,4,18,0.002122900012182,0.0386444444302469,0.0624900174443609,18,8,0,0,-0.6
heuristic,Heuristic,Rule-based,20260720,completed,False,6,31,0.0045267000095918,0.0537451621400372,0.1132500037783756,31,12,0,0,-0.4
heuristic,Heuristic,Rule-based,20260721,completed,False,4,23,0.0028876999858766,0.0389739099140886,0.0570799980778247,23,10,0,0,-0.6
heuristic,Heuristic,Rule-based,20260722,completed,False,5,25,0.003089000005275,0.0405639980453997,0.057040003594011,25,9,0,0,-0.5
heuristic,Heuristic,Rule-based,20260723,completed,False,3,18,0.0021385999862104,0.0406111082864097,0.0660949910525232,18,7,0,0,-0.7
heuristic,Heuristic,Rule-based,20260724,completed,False,5,27,0.0062726000032853,0.0747925940366392,0.1325299846939742,27,10,0,0,-0.5
heuristic,Heuristic,Rule-based,20260725,completed,False,4,26,0.0033579999872017,0.0456615346662986,0.0793500075815245,26,9,0,0,-0.6
heuristic,Heuristic,Rule-based,20260726,completed,False,5,29,0.0073253999871667,0.0879896537737985,0.1522199891041964,29,12,0,0,-0.5
heuristic,Heuristic,Rule-based,20260727,completed,False,2,18,0.0023808999976608,0.0434777709112192,0.0721399832400493,18,9,0,0,-0.8
heuristic,Heuristic,Rule-based,20260728,completed,False,2,12,0.0027585999923758,0.0704666648137693,0.0943400067626498,12,5,0,0,-0.8
heuristic,Heuristic,Rule-based,20260729,completed,False,7,27,0.0037122999783605,0.0458074069616419,0.076439999975264,27,8,0,0,-0.3
heuristic,Heuristic,Rule-based,20260730,completed,False,5,22,0.0027898999978788,0.0414590904256328,0.0642500221147202,22,7,0,0,-0.5
heuristic,Heuristic,Rule-based,20260731,completed,False,7,33,0.0040271999896503,0.0415787852199917,0.0631000089924782,33,13,0,0,-0.3
heuristic,Heuristic,Rule-based,20260732,completed,False,3,17,0.0022453999845311,0.0430117652285844,0.0581399945076554,17,7,0,0,-0.7
heuristic,Heuristic,Rule-based,20260733,completed,False,5,26,0.0037644999974872,0.0460423067964326,0.0736750080250203,26,11,0,0,-0.5
heuristic,Heuristic,Rule-based,20260734,completed,False,1,8,0.0011778000043705,0.0457124951935838,0.0644549785647541,8,4,0,0,-0.9
heuristic,Heuristic,Rule-based,20260735,completed,False,3,14,0.0021859999978914,0.0637071456627122,0.1690799996140412,14,5,0,0,-0.7
heuristic,Heuristic,Rule-based,20260736,completed,False,4,21,0.0021897999977227,0.0337285746354609,0.0477000139653682,21,8,0,0,-0.6
heuristic,Heuristic,Rule-based,20260737,completed,False,4,21,0.0021729999862145,0.0324571446981281,0.0516000145580619,21,8,0,0,-0.6
heuristic,Heuristic,Rule-based,20260738,completed,False,3,17,0.0023529000172857,0.0457235266153207,0.0732999993488192,17,8,0,0,-0.7
heuristic,Heuristic,Rule-based,20260739,completed,False,7,36,0.0041600999829825,0.0377416678626711,0.0633000090601854,36,14,0,0,-0.3
heuristic,Heuristic,Rule-based,20260740,completed,False,5,22,0.0029773999995086,0.0450727252014489,0.070629984838888,22,9,0,0,-0.5
heuristic,Heuristic,Rule-based,20260741,completed,False,5,30,0.0038702000165358,0.0393566665782903,0.0580999898375011,30,12,0,0,-0.5
heuristic,Heuristic,Rule-based,20260742,completed,False,5,27,0.0033924000163096,0.0387666654272901,0.0681899924529716,27,11,0,0,-0.5
heuristic,Heuristic,Rule-based,20260743,completed,False,5,22,0.0023477000067941,0.0363227247197011,0.0529999975697137,22,7,0,0,-0.5
heuristic,Heuristic,Rule-based,20260744,completed,False,4,21,0.0027461000136099,0.0464047618498582,0.0597000180277973,21,7,0,0,-0.6
heuristic,Heuristic,Rule-based,20260745,completed,False,5,25,0.0031407000205945,0.0424279924482107,0.0737999856937676,25,10,0,0,-0.5
heuristic,Heuristic,Rule-based,20260746,completed,False,4,23,0.002885400026571,0.0415043462493011,0.0663600134430453,23,9,0,0,-0.6
heuristic,Heuristic,Rule-based,20260747,completed,False,2,15,0.0017959000251721,0.0385733340711643,0.056129996664822,15,7,0,0,-0.8
heuristic,Heuristic,Rule-based,20260748,completed,False,5,30,0.0037282999837771,0.0413699958395833,0.0611749972449615,30,13,0,0,-0.6
heuristic,Heuristic,Rule-based,20260749,completed,False,2,12,0.0016030000115279,0.0413749997581665,0.064365001162514,12,6,0,0,-0.9
heuristic,Heuristic,Rule-based,20260750,completed,False,4,20,0.0022806999913882,0.0382800004445016,0.0690300003043375,20,8,0,0,-0.6
heuristic,Heuristic,Rule-based,20260751,completed,False,6,33,0.0038921000086702,0.0396727303847331,0.0687200168613344,33,13,0,0,-0.4
heuristic,Heuristic,Rule-based,20260752,completed,False,6,34,0.0045654000132344,0.0455117662889225,0.0686099971062503,34,14,0,0,-0.4
heuristic,Heuristic,Rule-based,20260753,completed,False,3,19,0.0020913000043947,0.0348578936322347,0.0562999950489029,19,8,0,0,-0.7
heuristic,Heuristic,Rule-based,20260754,completed,False,6,32,0.0033221999765373,0.0345687503795488,0.0518300032126717,32,13,0,0,-0.4
heuristic,Heuristic,Rule-based,20260755,completed,False,4,22,0.0026579999830573,0.0387863613220609,0.0558849904336966,22,10,0,0,-0.7
heuristic,Heuristic,Rule-based,20260756,completed,False,4,20,0.0019073000003118,0.0321499988785944,0.0620950071606785,20,7,0,0,-0.6
heuristic,Heuristic,Rule-based,20260757,completed,False,4,18,0.0023247999779414,0.044877778337751,0.0642999948468059,18,5,0,0,-0.6
heuristic,Heuristic,Rule-based,20260758,completed,False,5,25,0.0026572000060696,0.03568000276573,0.0642799830529838,25,9,0,0,-0.5
heuristic,Heuristic,Rule-based,20260759,completed,False,4,20,0.0020993999787606,0.0333649979438632,0.0427149934694171,20,8,0,0,-0.6
heuristic,Heuristic,Rule-based,20260760,completed,False,3,17,0.0022220999817363,0.0405529383843874,0.0808799930382519,17,7,0,0,-0.7
heuristic,Heuristic,Rule-based,20260761,completed,False,5,23,0.0024428000033367,0.0350521750869634,0.0558099913178011,23,7,0,0,-0.5
heuristic,Heuristic,Rule-based,20260762,completed,False,4,20,0.0022413999831769,0.0392149973777122,0.0705299840774387,20,7,0,0,-0.6
heuristic,Heuristic,Rule-based,20260763,completed,False,5,31,0.003526199987391,0.0379322577388055,0.0616000033915042,31,13,0,0,-0.5
heuristic,Heuristic,Rule-based,20260764,completed,False,4,21,0.002243199996883,0.0362714289665399,0.0564999936614185,21,8,0,0,-0.6
heuristic,Heuristic,Rule-based,20260765,completed,False,5,15,0.0018512000096961,0.0474333278058717,0.0817200023448093,15,4,0,0,-0.5
heuristic,Heuristic,Rule-based,20260766,completed,False,4,23,0.0026792999997269,0.0390521751757225,0.065040003391914,23,9,0,0,-0.6
heuristic,Heuristic,Rule-based,20260767,completed,False,5,22,0.0025747000181581,0.039204545001584,0.0745249912142753,22,8,0,0,-0.5
heuristic,Heuristic,Rule-based,20260768,completed,False,5,22,0.0031008000078145,0.0496136384423483,0.0821200141217559,22,7,0,0,-0.5
heuristic,Heuristic,Rule-based,20260769,completed,False,5,21,0.0022880999895278,0.0360380966282848,0.0519999885000288,21,7,0,0,-0.5
heuristic,Heuristic,Rule-based,20260770,completed,False,3,17,0.0016963000234682,0.03109999713214,0.0502600043546408,17,7,0,0,-0.7
heuristic,Heuristic,Rule-based,20260771,completed,False,1,11,0.0012640999921131,0.0385363660329444,0.0604500091867521,11,5,0,0,-0.9
heuristic,Heuristic,Rule-based,20260772,completed,False,5,24,0.0024864000151865,0.0352291669211505,0.0525399969774298,24,5,0,0,-0.6
heuristic,Heuristic,Rule-based,20260773,completed,False,5,32,0.0044275999825913,0.0465343764517456,0.0894249984412454,32,14,0,0,-0.5
heuristic,Heuristic,Rule-based,20260774,completed,False,5,20,0.0023435000039171,0.0392049987567588,0.0633349874988198,20,6,0,0,-0.6
heuristic,Heuristic,Rule-based,20260775,completed,False,4,15,0.0014950000040698,0.0334333337377756,0.0572300050407647,15,6,0,0,-0.7
heuristic,Heuristic,Rule-based,20260776,completed,False,4,23,0.0025936999882105,0.036813046671855,0.0525699957506731,23,8,0,0,-0.6
heuristic,Heuristic,Rule-based,20260777,completed,False,5,20,0.002538300002925,0.0411949993576854,0.0664650098769925,20,6,0,0,-0.6
heuristic,Heuristic,Rule-based,20260778,completed,False,4,21,0.0029987999878358,0.0392952365689866,0.0589999835938215,21,8,0,0,-0.6
heuristic,Heuristic,Rule-based,20260779,completed,False,4,18,0.002099300007103,0.0358833316972272,0.0534500111825764,18,7,0,0,-0.6
heuristic,Heuristic,Rule-based,20260780,completed,False,4,20,0.0028564000094775,0.0504099996760487,0.0768599973525852,20,7,0,0,-0.6
heuristic,Heuristic,Rule-based,20260781,completed,False,6,29,0.0037823999882675,0.0431172425280614,0.0697200128342956,29,10,0,0,-0.5
heuristic,Heuristic,Rule-based,20260782,completed,False,5,28,0.0039440999971702,0.0443035730443495,0.0746449964935891,28,12,0,0,-0.5
heuristic,Heuristic,Rule-based,20260783,completed,False,4,23,0.0025483000208623,0.0373826086338933,0.0519799883477389,23,7,0,0,-0.6
heuristic,Heuristic,Rule-based,20260784,completed,False,5,22,0.0027019999979529,0.0437500037316402,0.0877450103871524,22,9,0,0,-0.5
heuristic,Heuristic,Rule-based,20260785,completed,False,4,26,0.0033894999942276,0.0409999976489836,0.0672999885864555,26,10,0,0,-0.6
heuristic,Heuristic,Rule-based,20260786,completed,False,3,23,0.0029478000069502,0.0436739178637609,0.0848100142320617,23,10,0,0,-0.7
heuristic,Heuristic,Rule-based,20260787,completed,False,3,14,0.0015290000010281,0.036607138879065,0.0566899951081723,14,6,0,0,-0.7
heuristic,Heuristic,Rule-based,20260788,completed,False,4,20,0.0021774999913759,0.0328649985021911,0.0570449934457428,20,8,0,0,-0.6
heuristic,Heuristic,Rule-based,20260789,completed,False,6,30,0.0031485999934375,0.0350066654694577,0.0602150059421546,30,11,0,0,-0.4
heuristic,Heuristic,Rule-based,20260790,completed,False,2,11,0.0017169999773614,0.0517090877772054,0.0832999940030276,11,5,0,0,-0.8
heuristic,Heuristic,Rule-based,20260791,completed,False,6,26,0.0029778000025544,0.0400076902364022,0.0777500026742927,26,9,0,0,-0.5
heuristic,Heuristic,Rule-based,20260792,completed,False,8,38,0.0047277999983634,0.0450394758158118,0.0657849930576048,38,11,0,0,-0.2
heuristic,Heuristic,Rule-based,20260793,completed,False,4,21,0.0027024000009987,0.0469857117249852,0.0996000017039477,21,7,0,0,-0.6
heuristic,Heuristic,Rule-based,20260794,completed,False,4,17,0.0021572000114247,0.0438470571466228,0.0608599919360131,17,7,0,0,-0.7
heuristic,Heuristic,Rule-based,20260795,completed,False,4,19,0.0025987999979406,0.0445421028416603,0.0729199964553117,19,7,0,0,-0.6
heuristic,Heuristic,Rule-based,20260796,completed,False,5,24,0.0029483000107575,0.0420833299964821,0.0622549880063161,24,9,0,0,-0.5
heuristic,Heuristic,Rule-based,20260797,completed,False,6,26,0.0030117000278551,0.0424384634243324,0.0704250051057897,26,8,0,0,-0.4
heuristic,Heuristic,Rule-based,20260798,completed,False,4,20,0.0025581999798305,0.0426299957325682,0.0653800016152672,20,6,0,0,-0.6
heuristic,Heuristic,Rule-based,20260799,completed,False,5,16,0.0016950999852269,0.0371625010302523,0.0580750056542456,16,4,0,0,-0.6
heuristic,Heuristic,Rule-based,20260800,completed,False,5,26,0.0033369000011589,0.0446230764142595,0.0711500106262974,26,9,0,0,-0.6
heuristic,Heuristic,Rule-based,20260801,completed,False,4,21,0.0024635999870952,0.0403952366295492,0.0587999820709228,21,8,0,0,-0.6
heuristic,Heuristic,Rule-based,20260802,completed,False,6,34,0.0040743999998085,0.0394764750072842,0.0598000187892466,34,12,0,0,-0.5
heuristic,Heuristic,Rule-based,20260803,completed,False,5,25,0.0036219999892637,0.053559998050332,0.1371400023344902,25,9,0,0,-0.5
heuristic,Heuristic,Rule-based,20260804,completed,False,4,19,0.0023480000090785,0.0385842117554459,0.0574200006667524,19,8,0,0,-0.6
heuristic,Heuristic,Rule-based,20260805,completed,False,4,27,0.0032171999919228,0.0400185171100828,0.0787299941293895,27,10,0,0,-0.6
heuristic,Heuristic,Rule-based,20260806,completed,False,3,19,0.0023419999924954,0.0421421090753651,0.0785200158134102,19,8,0,0,-0.7
heuristic,Heuristic,Rule-based,20260807,completed,False,5,24,0.0027069999778177,0.0373916676229176,0.0557899926207028,24,8,0,0,-0.5
heuristic,Heuristic,Rule-based,20260808,completed,False,2,18,0.0022586999984923,0.0408388829479614,0.0569049923797138,18,8,0,0,-0.8
heuristic,Heuristic,Rule-based,20260809,completed,False,5,20,0.0026162999856751,0.0460699913674034,0.0729049977962859,20,6,0,0,-0.5
heuristic,Heuristic,Rule-based,20260810,completed,False,4,23,0.0036952999944332,0.0394826043781864,0.0690300104906782,23,10,0,0,-0.6
heuristic,Heuristic,Rule-based,20260811,completed,False,4,17,0.0018244000093545,0.0363470599575735,0.0639200152363628,17,6,0,0,-0.7
heuristic,Heuristic,Rule-based,20260812,completed,False,4,21,0.0026138999965041,0.0418285711757129,0.0645999971311539,21,9,0,0,-0.6
heuristic,Heuristic,Rule-based,20260813,completed,False,8,34,0.0045358999923337,0.0434147051932728,0.0724099983926862,34,11,0,0,-0.2
heuristic,Heuristic,Rule-based,20260814,completed,False,4,20,0.0023052000033203,0.0398299976950511,0.0686499959556386,20,7,0,0,-0.6
heuristic,Heuristic,Rule-based,20260815,completed,False,4,18,0.0021050999930594,0.0370222227906601,0.0640349928289651,18,7,0,0,-0.6
heuristic,Heuristic,Rule-based,20260816,completed,False,6,33,0.004187600017758,0.0413909111750509,0.0775600085034966,33,14,0,0,-0.4
heuristic,Heuristic,Rule-based,20260817,completed,False,3,22,0.002571999997599,0.0382227272811261,0.0648399989586323,22,10,0,0,-0.7
pimc,PIMC,Search,20260718,completed,False,8,36,138.56763480001246,3849.019627775609,7095.589875003498,36,10,0,0,-0.2
pimc,PIMC,Search,20260719,completed,False,9,37,111.98120379998,3026.447405403864,7173.914699984015,37,11,0,0,-0.1
pimc,PIMC,Search,20260720,completed,False,9,39,148.85792189999484,3816.7918461557024,6569.697160008946,39,11,0,0,-0.1
pimc,PIMC,Search,20260721,completed,False,7,31,167.6795884000021,5408.909983869132,9603.11835000175,31,10,0,0,-0.4
pimc,PIMC,Search,20260722,completed,False,9,29,159.81898169999477,5510.8943793095705,9873.015660012605,29,7,0,0,-0.1
pimc,PIMC,Search,20260723,completed,True,12,49,209.1487136999785,4268.243516329082,8442.790999991115,49,18,0,0,2.0
pimc,PIMC,Search,20260724,completed,False,9,46,223.95275560001028,4868.432045654196,9836.82430000772,46,18,0,0,-0.1
pimc,PIMC,Search,20260725,completed,True,12,51,210.96124710000004,4136.405768626205,9371.960899996338,51,17,0,0,2.0
pimc,PIMC,Search,20260726,completed,False,9,42,149.741571999999,3565.193666668382,9487.440225006138,42,13,0,0,-0.1
pimc,PIMC,Search,20260727,completed,False,10,50,173.5763881999883,3471.4458700013347,6830.440089995682,50,18,0,0,-1.1102230246251563e-16
pimc,PIMC,Search,20260728,completed,False,9,45,168.9409426999919,3754.16299999601,6999.010460003046,45,16,0,0,-0.1
pimc,PIMC,Search,20260729,completed,True,12,49,167.3954909000022,3416.152971426063,6472.875299991574,49,17,0,0,2.0
pimc,PIMC,Search,20260730,completed,True,12,46,149.486043300014,3249.61944565344,6264.950349992432,46,14,0,0,2.0
pimc,PIMC,Search,20260731,completed,False,8,35,118.69046220000018,3391.081728568367,6657.7103700023135,35,11,0,0,-0.2
pimc,PIMC,Search,20260732,completed,True,12,52,119.19753689999924,2292.1832076933174,5801.699850015572,52,19,0,0,2.0
pimc,PIMC,Search,20260733,completed,False,9,45,143.50495790000423,3188.924282222676,6660.23985998472,45,15,0,0,-0.1
pimc,PIMC,Search,20260734,completed,False,10,49,165.23797220000415,3372.1336387786823,6768.729279987743,49,16,0,0,-0.1
pimc,PIMC,Search,20260735,completed,False,6,34,113.56618049999815,3340.113797057283,6187.795545005065,34,12,0,0,-0.4
pimc,PIMC,Search,20260736,completed,True,12,43,139.83091059999424,3251.8064627893605,6743.4178900148245,43,12,0,0,2.0
pimc,PIMC,Search,20260737,completed,False,10,41,121.10741379999672,2953.766270727345,6745.501399971545,41,12,0,0,-1.1102230246251563e-16
pimc,PIMC,Search,20260738,completed,False,9,41,130.32834859998547,3178.67064878072,6728.663999994751,41,14,0,0,-0.1
pimc,PIMC,Search,20260739,completed,False,9,39,104.31586660002358,2674.697446151792,6337.092159996973,39,12,0,0,-0.1
pimc,PIMC,Search,20260740,completed,False,8,38,106.93183539999882,2813.924157893972,6367.760089995863,38,13,0,0,-0.2
pimc,PIMC,Search,20260741,completed,False,9,42,127.4997490000096,3035.6334261894167,6378.165289999742,42,15,0,0,-0.1
pimc,PIMC,Search,20260742,completed,False,8,35,111.69692079999368,3191.268882858068,6381.534399994415,35,11,0,0,-0.2
pimc,PIMC,Search,20260743,completed,False,10,53,144.77836970001226,2731.5957924479594,6245.318139990559,53,18,0,0,-1.1102230246251563e-16
pimc,PIMC,Search,20260744,completed,False,9,39,111.6266248000029,2862.1434384624126,5784.44109998818,39,11,0,0,-0.1
pimc,PIMC,Search,20260745,completed,False,9,41,113.65658129999063,2772.0301512212823,6459.011500002816,41,15,0,0,-0.1
pimc,PIMC,Search,20260746,completed,True,12,52,189.82497749998583,3650.403605768448,6747.505284994259,52,18,0,0,2.0
pimc,PIMC,Search,20260747,completed,False,8,29,104.15375430000132,3591.437775861464,6965.403120010159,29,10,0,0,-0.2
pimc,PIMC,Search,20260748,completed,True,12,59,160.2387638000073,2715.832284746408,6686.7946199985445,59,20,0,0,2.0
pimc,PIMC,Search,20260749,completed,False,6,27,84.02260609998484,3111.8771333314253,5867.727220008965,27,8,0,0,-0.4
pimc,PIMC,Search,20260750,completed,False,9,45,159.05686350000906,3534.516231111613,6857.415539980865,45,16,0,0,-0.1
pimc,PIMC,Search,20260751,completed,False,8,36,168.08254370000213,4668.848158332467,8392.82342500519,36,12,0,0,-0.2
pimc,PIMC,Search,20260752,completed,False,8,34,149.63808549998794,4400.998067649198,9654.93786000152,34,9,0,0,-0.2
pimc,PIMC,Search,20260760,completed,False,8,36,290.621684999991,8072.636408331164,14069.09062500199,36,8,0,0,-0.2
pimc,PIMC,Search,20260759,completed,False,8,34,309.5719000000099,9104.877832352511,13886.529595001775,34,8,0,0,-0.2
pimc,PIMC,Search,20260757,completed,False,8,39,320.1669103000022,8209.23023589421,14387.503730016762,39,14,0,0,-0.2
pimc,PIMC,Search,20260761,completed,False,8,37,333.88012240000535,9023.582199999804,14914.72691999515,37,13,0,0,-0.2
pimc,PIMC,Search,20260754,completed,False,7,37,362.8019731999957,9805.26415134994,16576.71513998066,37,13,0,0,-0.3
pimc,PIMC,Search,20260755,completed,False,9,45,396.8445278000145,8818.552766664652,15103.888419980649,45,16,0,0,-0.1
pimc,PIMC,Search,20260753,completed,False,8,42,397.5716542000009,9465.792188097286,14577.2649800012,42,16,0,0,-0.2
pimc,PIMC,Search,20260758,completed,False,9,48,400.4743490999972,8343.030539581983,14972.426755004562,48,16,0,0,-0.1
pimc,PIMC,Search,20260762,completed,True,12,56,437.9027540999814,7819.505207141837,14276.246624991472,56,20,0,0,2.0
pimc,PIMC,Search,20260756,completed,False,9,47,455.0686809000035,9682.128506385045,16477.012720005587,47,16,0,0,-0.1
pimc,PIMC,Search,20260763,completed,False,6,26,190.51923539998825,7327.5242499948945,13706.936949994995,26,8,0,0,-0.4
pimc,PIMC,Search,20260767,completed,False,9,37,207.8474046000047,5617.367716217445,12564.290800003797,37,13,0,0,-0.1
pimc,PIMC,Search,20260766,completed,False,8,37,222.82854170000064,6022.256856755121,13076.992240000976,37,11,0,0,-0.2
pimc,PIMC,Search,20260764,completed,False,9,40,226.5821849000058,5664.43157249887,12748.313975005294,40,15,0,0,-0.1
pimc,PIMC,Search,20260765,completed,False,10,50,327.44187339997734,6548.706649997621,12117.00702999078,50,13,0,0,-1.1102230246251563e-16
pimc,PIMC,Search,20260768,completed,False,10,44,222.69156800000928,5061.039586366943,8455.244025003049,44,14,0,0,-1.1102230246251563e-16
pimc,PIMC,Search,20260770,completed,False,8,38,210.14679599998635,5530.050242103722,10518.300429993542,38,14,0,0,-0.3
pimc,PIMC,Search,20260769,completed,False,10,49,260.6583571000083,5319.430904082208,9878.047500009416,49,17,0,0,-0.1
pimc,PIMC,Search,20260771,completed,True,12,46,248.69882170000344,5406.369680435644,10045.857549994253,46,15,0,0,2.0
pimc,PIMC,Search,20260772,completed,False,9,44,228.0673010000028,5183.219868183104,11216.9416650082,44,15,0,0,-0.1
pimc,PIMC,Search,20260774,completed,False,8,34,200.5330299999914,5897.902070588316,10994.357600006331,34,11,0,0,-0.2
pimc,PIMC,Search,20260775,completed,True,12,43,239.4711881999974,5568.95871395191,11314.304360002276,43,14,0,0,2.0
pimc,PIMC,Search,20260776,completed,True,12,48,273.7197291000048,5702.34634166809,10842.69079501246,48,15,0,0,2.0
pimc,PIMC,Search,20260773,completed,False,9,51,342.8153885999928,6721.74907647023,10915.576600003988,51,18,0,0,-0.1
pimc,PIMC,Search,20260777,completed,True,12,52,253.3159078000172,4871.310140381236,11555.462815002827,52,17,0,0,2.0
pimc,PIMC,Search,20260778,completed,False,9,46,233.98977300000843,5086.590195651693,11314.523399989412,46,14,0,0,-0.1
pimc,PIMC,Search,20260779,completed,False,10,43,237.8024635000038,5530.147455812724,12942.012850000174,43,13,0,0,-1.1102230246251563e-16
pimc,PIMC,Search,20260780,completed,True,12,50,254.4076373999997,5088.015267998562,12883.074259996643,50,16,0,0,2.0
pimc,PIMC,Search,20260781,completed,False,9,47,297.01195150002604,6319.260931914385,13102.078769984651,47,14,0,0,-0.1
pimc,PIMC,Search,20260782,completed,False,9,50,311.2981749000028,6225.823716000887,12468.747345003068,50,21,0,0,-0.1
pimc,PIMC,Search,20260783,completed,False,9,43,291.05004480000935,6768.455420932082,12127.931210014503,43,14,0,0,-0.1
pimc,PIMC,Search,20260784,completed,False,7,36,248.2817595000088,6896.565622223231,13477.320550009608,36,13,0,0,-0.3
pimc,PIMC,Search,20260785,completed,False,6,29,204.78569849999624,7061.436968963947,12530.800040008033,29,9,0,0,-0.4
pimc,PIMC,Search,20260786,completed,False,10,42,236.2003801999963,5623.677747619998,11738.370970021057,42,11,0,0,-1.1102230246251563e-16
pimc,PIMC,Search,20260788,completed,False,6,28,186.8685082999873,6673.7472928559455,12507.895125000505,28,10,0,0,-0.5
pimc,PIMC,Search,20260787,completed,False,9,40,276.21083779999753,6905.096187499294,12696.56660000328,40,15,0,0,-0.1
pimc,PIMC,Search,20260789,completed,False,9,38,264.58316430001287,6962.551786840777,13003.073689989104,38,10,0,0,-0.1
pimc,PIMC,Search,20260790,completed,False,5,31,274.3263702999975,8849.101267740949,14431.280899982085,31,10,0,0,-0.5
pimc,PIMC,Search,20260791,completed,False,8,33,223.30557900000716,6766.682912120207,14295.368499995671,33,10,0,0,-0.2
pimc,PIMC,Search,20260792,completed,False,4,21,185.97624150000047,8855.873785713422,18793.13549998915,21,6,0,0,-0.6
pimc,PIMC,Search,20260794,completed,False,10,42,229.5686110999959,5465.767119046567,10714.088364987398,42,16,0,0,-1.1102230246251563e-16
pimc,PIMC,Search,20260793,completed,True,12,50,319.24630089997663,6384.773983996711,13365.650419988377,50,18,0,0,2.0
pimc,PIMC,Search,20260795,completed,True,12,49,245.5472160000063,5011.027151023214,11663.247739995126,49,16,0,0,2.0
pimc,PIMC,Search,20260796,completed,False,9,49,249.88465600000927,5099.556351019359,12033.32354000304,49,17,0,0,-0.1
pimc,PIMC,Search,20260797,completed,True,12,47,253.45383300000685,5392.502734041897,12066.438739997098,47,17,0,0,2.0
pimc,PIMC,Search,20260800,completed,False,8,39,233.2948059999908,5981.747894873245,12140.964949989577,39,12,0,0,-0.2
pimc,PIMC,Search,20260799,completed,True,12,47,304.02472839999245,6468.464751066541,11042.809230013518,47,13,0,0,2.0
pimc,PIMC,Search,20260798,completed,True,12,52,348.91144900000654,6709.690217306511,11361.900355007674,52,19,0,0,2.0
pimc,PIMC,Search,20260801,completed,False,9,43,323.2345356999722,7516.934834884989,13508.45874000224,43,13,0,0,-0.1
pimc,PIMC,Search,20260802,completed,True,12,53,352.7767018000013,6656.008269810798,12680.99296001601,53,17,0,0,2.0
pimc,PIMC,Search,20260803,completed,False,9,40,233.6268534999981,5840.536622497893,14214.891194996017,40,13,0,0,-0.1
pimc,PIMC,Search,20260804,completed,False,8,35,218.7512776000076,6249.91063428627,12780.299359996568,35,12,0,0,-0.2
pimc,PIMC,Search,20260805,completed,True,12,43,222.18297709999024,5166.916027904736,11439.424419993882,43,12,0,0,2.0
pimc,PIMC,Search,20260806,completed,False,10,44,224.9778682999895,5113.007120456711,12372.31148001156,44,15,0,0,-1.1102230246251563e-16
pimc,PIMC,Search,20260807,completed,False,9,41,212.93201469999624,5193.336458537421,11737.22949999501,41,14,0,0,-0.1
pimc,PIMC,Search,20260808,completed,True,12,52,246.9565224999969,4749.03310384532,9830.23930499912,52,16,0,0,2.0
pimc,PIMC,Search,20260809,completed,False,7,38,215.16995609999867,5662.251957893635,11518.552260001888,38,12,0,0,-0.3
pimc,PIMC,Search,20260811,completed,False,8,33,184.1169724999927,5579.1679848493495,10947.996299993249,33,8,0,0,-0.2
pimc,PIMC,Search,20260810,completed,False,8,42,250.99663529999088,5975.98864285863,11398.875614987628,42,15,0,0,-0.2
pimc,PIMC,Search,20260812,completed,True,12,52,253.0383382999862,4865.982107691637,10146.586414998455,52,19,0,0,2.0
pimc,PIMC,Search,20260815,completed,False,7,30,149.2875570000033,4976.144783329801,11128.442780005573,30,9,0,0,-0.3
pimc,PIMC,Search,20260816,completed,False,5,24,143.75483580000582,5989.666891662637,11060.500269997285,24,9,0,0,-0.5
pimc,PIMC,Search,20260813,completed,False,9,42,251.5815637000196,5989.921057145693,11108.012775004318,42,16,0,0,-0.1
pimc,PIMC,Search,20260814,completed,True,12,57,256.28581170001416,4496.132284211375,10895.324819983214,57,24,0,0,2.0
pimc,PIMC,Search,20260817,completed,False,9,39,150.02548569999635,3846.711148718337,10474.941020002008,39,13,0,0,-0.1
ismcts,ISMCTS,Search,20260719,completed,True,12,40,206.6172263000044,5165.298482498474,10799.068815009376,40,12,0,0,2.0
ismcts,ISMCTS,Search,20260718,completed,True,12,45,254.36633920000168,5652.447948889393,11173.178219993131,45,14,0,0,2.0
ismcts,ISMCTS,Search,20260722,completed,True,12,40,260.971188800002,6524.142214999301,11228.073415007384,40,12,0,0,2.0
ismcts,ISMCTS,Search,20260720,completed,False,10,43,266.16103660000954,6189.662232558476,11137.633019982604,43,14,0,0,-1.1102230246251563e-16
ismcts,ISMCTS,Search,20260721,completed,False,9,54,304.98254409999936,5647.685322224452,11811.739835010669,54,21,0,0,-0.1
ismcts,ISMCTS,Search,20260723,completed,True,12,46,265.88363050000044,5779.941460869969,11156.412949996591,46,14,0,0,2.0
ismcts,ISMCTS,Search,20260724,completed,False,9,44,221.5464011000004,5035.011522723918,10722.949754998264,44,14,0,0,-0.1
ismcts,ISMCTS,Search,20260726,completed,False,9,42,225.60803459997987,5371.473880952441,11161.402109974002,42,13,0,0,-0.1
ismcts,ISMCTS,Search,20260725,completed,True,12,48,294.82256349999807,6142.00154583159,11593.766294997477,48,13,0,0,2.0
ismcts,ISMCTS,Search,20260727,completed,True,12,45,299.0417046000075,6645.226199996736,9163.564959994985,45,15,0,0,2.0
ismcts,ISMCTS,Search,20260729,completed,False,8,37,193.2677751000156,5223.333316214062,10699.353939987484,37,11,0,0,-0.2
ismcts,ISMCTS,Search,20260728,completed,False,9,42,245.8764846000122,5854.079733335918,11986.5234600089,42,13,0,0,-0.1
ismcts,ISMCTS,Search,20260730,completed,False,9,49,269.6367594000185,5502.654526532956,11756.07018000446,49,19,0,0,-0.1
ismcts,ISMCTS,Search,20260732,completed,False,9,45,271.8070993000001,6040.0282066671125,10063.731820019892,45,14,0,0,-0.1
ismcts,ISMCTS,Search,20260733,completed,False,9,39,222.74728609999875,5711.342441030026,11442.36812001327,39,13,0,0,-0.1
ismcts,ISMCTS,Search,20260731,completed,True,12,51,338.94779360000393,6645.896362746249,11570.916149983532,51,20,0,0,2.0
ismcts,ISMCTS,Search,20260735,completed,False,8,35,192.70166829999653,5505.646391428309,11756.204909997175,35,9,0,0,-0.2
ismcts,ISMCTS,Search,20260734,completed,False,10,45,308.00683720002417,6844.468299996677,11432.56121999002,45,16,0,0,-1.1102230246251563e-16
ismcts,ISMCTS,Search,20260737,completed,False,8,31,180.95606820000103,5837.166770968789,10396.363449995988,31,10,0,0,-0.2
ismcts,ISMCTS,Search,20260736,completed,False,10,42,220.85931080000591,5258.42457857202,10236.4243750053,42,13,0,0,-1.1102230246251563e-16
ismcts,ISMCTS,Search,20260738,completed,False,10,41,255.85866620001616,6240.317280483773,10237.93880001176,41,14,0,0,-1.1102230246251563e-16
ismcts,ISMCTS,Search,20260739,completed,True,12,61,340.04897939998773,5574.436585244257,11190.949499985436,61,22,0,0,2.0
ismcts,ISMCTS,Search,20260742,completed,True,12,38,202.28842040000015,5323.242884208938,11690.504515012435,38,12,0,0,2.0
ismcts,ISMCTS,Search,20260740,completed,True,12,54,308.3960347000102,5710.893001852027,11068.663935011133,54,20,0,0,2.0
ismcts,ISMCTS,Search,20260743,completed,False,8,34,189.06521669999347,5560.617961762439,11764.177585003195,34,10,0,0,-0.2
ismcts,ISMCTS,Search,20260741,completed,False,10,45,303.0661900000123,6734.654973333495,11865.478099987376,45,16,0,0,-1.1102230246251563e-16
ismcts,ISMCTS,Search,20260745,completed,False,9,36,243.41798550001116,6761.44062777813,12814.589624998916,36,11,0,0,-0.1
ismcts,ISMCTS,Search,20260748,completed,False,6,34,250.64093179997872,7371.627788236604,13053.849609986357,34,11,0,0,-0.4
ismcts,ISMCTS,Search,20260747,completed,True,12,48,308.38873929998954,6424.610433334237,13686.611335017367,48,18,0,0,2.0
ismcts,ISMCTS,Search,20260746,completed,True,12,56,326.5740317000018,5831.533969641896,13184.895099984717,56,19,0,0,2.0
ismcts,ISMCTS,Search,20260744,completed,False,10,48,380.1711027999991,7920.071881248077,12363.638805001392,48,16,0,0,-1.1102230246251563e-16
ismcts,ISMCTS,Search,20260749,completed,False,6,27,176.6545247999893,6542.636474075995,11834.757510008058,27,8,0,0,-0.4
ismcts,ISMCTS,Search,20260753,completed,False,7,29,198.3271303999936,6838.740034484514,12482.806880021231,29,8,0,0,-0.3
ismcts,ISMCTS,Search,20260751,completed,False,8,40,246.0529647000076,6151.197052500356,12617.633744984048,40,13,0,0,-0.2
ismcts,ISMCTS,Search,20260752,completed,False,9,35,248.86536960001104,7110.295754289421,12905.54965000192,35,13,0,0,-0.2
ismcts,ISMCTS,Search,20260750,completed,True,12,52,340.9104294999852,6555.816950000567,12709.535474995206,52,19,0,0,2.0
ismcts,ISMCTS,Search,20260754,completed,False,9,44,291.99293899998884,6636.057420451834,11562.287210000795,44,13,0,0,-0.1
ismcts,ISMCTS,Search,20260755,completed,False,7,25,187.133430100017,7485.211896003457,13097.348900017096,25,6,0,0,-0.3
ismcts,ISMCTS,Search,20260757,completed,False,9,39,203.83121560001743,5226.305841028732,11915.870960010216,39,10,0,0,-0.1
ismcts,ISMCTS,Search,20260756,completed,False,9,48,279.09153130001505,5814.253422917318,12564.52102500043,48,19,0,0,-0.1
ismcts,ISMCTS,Search,20260759,completed,False,8,32,204.9870403999812,6405.702743751135,10962.445150005806,32,7,0,0,-0.2
ismcts,ISMCTS,Search,20260758,completed,True,12,44,285.7646461999975,6494.509636365612,10520.9347200027,44,14,0,0,2.0
ismcts,ISMCTS,Search,20260761,completed,False,8,31,208.61844999997996,6729.487948388147,11969.21774999646,31,9,0,0,-0.2
ismcts,ISMCTS,Search,20260760,completed,True,12,50,287.38656859999173,5747.5869780022185,11992.106985008284,50,17,0,0,2.0
ismcts,ISMCTS,Search,20260764,completed,False,8,37,221.6893848000036,5991.460829730951,11351.043559995003,37,12,0,0,-0.2
ismcts,ISMCTS,Search,20260763,completed,False,9,42,263.03438409999944,6262.575423809938,12805.81886999862,42,13,0,0,-0.1
ismcts,ISMCTS,Search,20260762,completed,True,12,54,328.950059899973,6091.520085184365,11768.264979994268,54,20,0,0,2.0
ismcts,ISMCTS,Search,20260766,completed,False,8,34,213.77110549999637,6287.251397057416,12955.23564000032,34,11,0,0,-0.2
ismcts,ISMCTS,Search,20260765,completed,True,12,46,325.8070957000018,7082.626756522349,12054.226999985984,46,15,0,0,2.0
ismcts,ISMCTS,Search,20260768,completed,False,6,29,183.4765276000253,6326.6470137941415,12642.346300010104,29,11,0,0,-0.4
ismcts,ISMCTS,Search,20260767,completed,False,9,40,213.50464140000983,5337.473114999739,10994.395955001524,40,13,0,0,-0.1
ismcts,ISMCTS,Search,20260769,completed,True,12,46,265.6577276000171,5775.014823915705,11929.721050008084,46,16,0,0,2.0
ismcts,ISMCTS,Search,20260770,completed,True,12,51,316.79935529999784,6211.610047059367,11907.571700008702,51,20,0,0,2.0
ismcts,ISMCTS,Search,20260772,completed,False,9,45,297.71135860000504,6615.668046667189,12464.378320000833,45,13,0,0,-0.1
ismcts,ISMCTS,Search,20260773,completed,False,9,44,318.07783900000504,7228.901104545168,12318.783479991544,44,17,0,0,-0.1
ismcts,ISMCTS,Search,20260771,completed,True,12,53,374.31320080001024,7062.358988680709,12275.618039997062,53,18,0,0,2.0
ismcts,ISMCTS,Search,20260774,completed,False,9,36,256.3608049000032,7120.99714444533,11938.15122500382,36,9,0,0,-0.1
ismcts,ISMCTS,Search,20260775,completed,True,12,47,272.7626909999817,5803.322774468316,12877.563650009684,47,12,0,0,2.0
ismcts,ISMCTS,Search,20260776,completed,False,10,44,278.66295989998616,6333.102370456882,12223.61727502139,44,15,0,0,-1.1102230246251563e-16
ismcts,ISMCTS,Search,20260778,completed,False,9,40,254.5159435000096,6362.768717500876,12118.85215498769,40,12,0,0,-0.2
ismcts,ISMCTS,Search,20260777,completed,True,12,50,284.1340856999741,5682.538635999663,12999.398359999755,50,15,0,0,2.0
ismcts,ISMCTS,Search,20260779,completed,True,12,52,347.9397836999851,6691.008200000327,12806.11548999877,52,17,0,0,2.0
ismcts,ISMCTS,Search,20260780,completed,False,8,34,222.0702822000021,6531.331144116634,12206.086945005516,34,12,0,0,-0.2
ismcts,ISMCTS,Search,20260781,completed,True,12,45,339.03365680002025,7533.916666671091,13002.169439994032,45,15,0,0,2.0
ismcts,ISMCTS,Search,20260784,completed,True,12,42,245.68785839999327,5849.5551000018,12864.196675010317,42,12,0,0,2.0
ismcts,ISMCTS,Search,20260783,completed,True,12,54,356.81455670000287,6607.52604814587,12351.699149994236,54,18,0,0,2.0
ismcts,ISMCTS,Search,20260782,completed,False,9,53,393.4375105999934,7423.205618866289,12767.743420007171,53,20,0,0,-0.1
ismcts,ISMCTS,Search,20260785,completed,False,10,59,389.04593160000513,6593.836164406809,13100.621040014084,59,22,0,0,-1.1102230246251563e-16
ismcts,ISMCTS,Search,20260786,completed,False,8,40,322.639250200009,8065.809810000065,12963.37259001302,40,14,0,0,-0.2
ismcts,ISMCTS,Search,20260787,completed,True,12,40,346.8979975999973,8672.264232499583,13221.681279983022,40,11,0,0,2.0
ismcts,ISMCTS,Search,20260790,completed,False,6,32,326.59336719999555,10205.85568437582,19896.83311500412,32,11,0,0,-0.4
ismcts,ISMCTS,Search,20260789,completed,True,12,57,456.6667434000119,8011.485222808245,14672.893060010392,57,18,0,0,2.0
ismcts,ISMCTS,Search,20260788,completed,True,12,61,498.62295979997725,8173.928783610597,13822.031199990306,61,20,0,0,2.0
ismcts,ISMCTS,Search,20260791,completed,True,12,41,353.9940768000088,8633.755414635965,16561.64329999592,41,14,0,0,2.0
ismcts,ISMCTS,Search,20260792,completed,True,12,55,487.6004622000037,8865.259369088082,18073.27304999344,55,20,0,0,2.0
ismcts,ISMCTS,Search,20260794,completed,True,12,40,331.3261735000124,8282.949362503132,17997.655940006367,40,15,0,0,2.0
ismcts,ISMCTS,Search,20260796,completed,False,9,37,289.5225071000168,7824.711127027341,18535.941079992328,37,12,0,0,-0.1
ismcts,ISMCTS,Search,20260793,completed,True,12,43,514.9018807999964,11974.23578604452,20563.414499993087,43,13,0,0,2.0
ismcts,ISMCTS,Search,20260795,completed,True,12,55,464.69035520000034,8448.707027275073,17845.631740006498,55,21,0,0,2.0
ismcts,ISMCTS,Search,20260797,completed,True,12,45,402.7150756000192,8949.021144441536,18989.9946400139,45,16,0,0,2.0
ismcts,ISMCTS,Search,20260798,completed,False,9,49,454.8100055999821,9281.644042853946,19087.0280199917,49,18,0,0,-0.1
ismcts,ISMCTS,Search,20260799,completed,True,12,52,399.1900408999936,7676.5597230769345,17990.148609984313,52,15,0,0,2.0
ismcts,ISMCTS,Search,20260800,completed,False,10,47,378.8385643999791,8060.214478721312,15064.46811999194,47,17,0,0,-1.1102230246251563e-16
ismcts,ISMCTS,Search,20260801,completed,False,9,38,391.5560964999895,10303.925984208228,16811.138609999034,38,11,0,0,-0.1
ismcts,ISMCTS,Search,20260802,completed,False,10,48,343.7940421999956,7162.191095834108,13039.83251000609,48,18,0,0,-1.1102230246251563e-16
ismcts,ISMCTS,Search,20260804,completed,False,9,40,307.3767437999777,7684.256890004326,17045.245905019692,40,12,0,0,-0.2
ismcts,ISMCTS,Search,20260803,completed,True,12,46,373.5502319999796,8120.475828261039,16015.600625010848,46,13,0,0,2.0
ismcts,ISMCTS,Search,20260806,completed,False,10,45,289.5587818000058,6434.467655558062,15184.652719990116,45,14,0,0,-1.1102230246251563e-16
ismcts,ISMCTS,Search,20260805,completed,True,12,55,342.92867059999844,6234.895721818744,14738.30484999634,55,21,0,0,2.0
ismcts,ISMCTS,Search,20260809,completed,False,9,42,279.7787701000052,6661.226766666958,11162.5761749965,42,15,0,0,-0.1
ismcts,ISMCTS,Search,20260811,completed,False,7,31,244.4224797999777,7884.425596772475,12862.713599999552,31,10,0,0,-0.3
ismcts,ISMCTS,Search,20260808,completed,True,12,54,339.64023390001967,6289.470709259384,14534.886419998653,54,21,0,0,2.0
ismcts,ISMCTS,Search,20260807,completed,True,12,56,402.5744601000042,7188.6628785708,13129.67022498924,56,21,0,0,2.0
ismcts,ISMCTS,Search,20260810,completed,False,8,45,338.70536520000314,7526.608395554487,11977.679360000182,45,14,0,0,-0.2
ismcts,ISMCTS,Search,20260814,completed,False,5,22,178.9706407999911,8134.882490906007,19846.661519985355,22,6,0,0,-0.5
ismcts,ISMCTS,Search,20260812,completed,False,9,42,259.89320979997865,6187.767761907058,18184.706275003544,42,14,0,0,-0.1
ismcts,ISMCTS,Search,20260816,completed,False,8,35,228.6488935999805,6532.689925713099,11802.590770006644,35,12,0,0,-0.2
ismcts,ISMCTS,Search,20260815,completed,False,8,36,263.30191019998165,7313.803230557015,15546.66304998682,36,13,0,0,-0.2
ismcts,ISMCTS,Search,20260813,completed,True,12,47,329.21639990000403,7004.469023403795,18485.635659989188,47,12,0,0,2.0
ismcts,ISMCTS,Search,20260817,completed,True,12,47,230.86040249999496,4911.827651061802,10576.66664998687,47,11,0,0,2.0
